mae_ms,rmse_ms,r2,risk_accuracy,risk_f1,mean_predicted_latency_ms,mean_actual_latency_ms,p95_absolute_error_ms
7.3732404708862305,9.138225012116429,0.47665566205978394,0.7934782608695652,0.7246376811594203,75.70001220703125,76.26739501953125,16.987693786621094
