tx_setting,rows,scenarios,links,mean_latency_ms,median_latency_ms,p95_latency_ms,risk50_positive_rate
1_tx,181683,100,1,24.7298672412939,17.066,77.191,0.12348431058491989
2_tx,348108,100,2,24.736723967849056,17.206,76.9899499999999,0.11885104622703299
4_tx,1530040,100,9,24.645154929282892,17.443,74.355,0.11345193589710073
